Nombre;loss;val_loss;det_acc;val_det_acc;bbox_acc;val_bbox_acc;train_epochs;lr;test_data;val_data
pnet_0;0.00440;0.00443;0.869;0.865;;;20;0.0001;283285;68010
pnet_1;0.00481;0.00486;0.869;0.863;0.760;0.770;0.0001;248945;59720
pnet_2;0.00455;0.00467;0.894;0.882;0.796;0.800;0.0001;342868;85028