Nombre;loss;val_loss;det_acc;val_det_acc;bbox_acc;val_bbox_acc;fl_acc;val_fl_acc;train_epochs;lr;test_data;val_data;mini_batch
pnet_1;0.33608;0.34057;0.861;0.860;0.802;0.801;0.902;0.870;60;0.00003;92244X3;11587X3;64
pnet_2;0.30426;0.31098;0.876;0.875;0.805;0.805;0.906;0.880;100;0.00003;92244X3;11587X3;64
pnet_3;0.30010;0.30312;0.879;0.876;0.805;0.805;0.905;0.876;100;0.00005;92244X3;11587X3;64
pnet_4;0.27744;0.28652;0.888;0.886;0.813;0.813;0.904;0.874;100;0.00005;92244X3;11587X3;128
pnet_5;0.25522;0.26864;0.898;0.893;0.814;0.813;0.906;0.872;300;0.00007;92244X3;11587X3;128
pnet_6;0.23875;0.25753;0.906;0.899;0.816;0.816;0.910;0.876;300;0.00007;92244X3;11587X3;64
pnet_7;0.23624;0.25275;0.907;0.903;0.817;0.815;0.916;0.880;200;0.0001;92244X3;11587X3;32